{"cameraMode":{"drawMode":0,"name":"Shaded","section":"Shading Mode"},"sceneLighting":false,"audioPlay":false,"sceneViewState":{"m_AlwaysRefresh":false,"showFog":true,"showSkybox":false,"showFlares":true,"showImageEffects":true,"showParticleSystems":true,"showVisualEffectGraphs":true,"m_FxEnabled":true},"in2DMode":false,"pivot":{"x":-0.03392297029495239,"y":1.0380353927612305,"z":-0.05944252014160156},"rotation":{"x":-0.051450181752443317,"y":0.9405103921890259,"z":-0.16562087833881379,"w":-0.29217010736465456},"size":0.7449553608894348,"orthographic":false}